query,output,timestamp
ai agent for game,"Below is a short‑list of the most relevant open‑source projects from the GitHub results you posted, together with a quick “why you might pick it” summary.  I’ve also added a couple of widely‑used complementary toolkits that often show up in game‑AI pipelines, in case you need something that isn’t covered by the list.

| Repo | Stars | What it gives you | Best‑fit scenarios | Why it’s useful |
|------|-------|-------------------|--------------------|-----------------|
| **[chatarena](https://github.com/Farama-Foundation/chatarena)** | 1 540 | A **multi‑agent language‑game environment** built on top of the Farama Foundation’s Gymnasium API. It lets you spin up dozens of LLM‑based agents that can chat, cooperate, or compete in a sandbox “arena”. | • Prototyping dialogue‑heavy NPCs or AI teammates that need natural‑language interaction. <br>• Research on emergent communication, negotiation, or coordination among LLMs. | • Uses the familiar Gymnasium interface, so you can plug in any RL or prompting library (e.g., RL‑HF, LangChain). <br>• Comes with ready‑made game‑like tasks (capture‑the‑flag, resource‑gathering) that you can extend. <br>• Actively maintained by the Farama Foundation, which also backs the popular Gymnasium ecosystem. |
| **[diplomacy_cicero](https://github.com/facebookresearch/diplomacy_cicero)** | 1 414 | Code for **Cicero**, an AI that plays the board game *Diplomacy* using open‑domain natural‑language negotiation. Includes the dialogue model, a policy network, and a game engine. | • Building AI that must **negotiate, form alliances, or bluff** in a multiplayer setting. <br>• Studying large‑scale language‑grounded decision making. | • Demonstrates a full pipeline: from language model → policy → game actions. <br>• Provides a concrete example of how to combine LLM prompting with a strategic planner, which you can adapt to any turn‑based strategy game. |
| **[godot_rl_agents](https://github.com/edbeeching/godot_rl_agents)** | 1 393 | A **Python‑side RL wrapper for the Godot game engine**. It uses the Godot‑Python bridge to expose the game state to OpenAI‑Gym‑style agents and supports PPO, DQN, etc., via Stable‑Baselines3. | • When your game is built in **Godot** and you want to train NPCs with reinforcement learning. <br>• Rapid prototyping of learning‑based behaviors (e.g., enemy chasing, platforming, puzzle solving). | • No need to write custom networking code – the bridge handles state sync. <br>• Works with any Gym‑compatible RL library, letting you swap algorithms quickly. <br>• Open‑source and fairly lightweight, making it easy to embed in CI pipelines. |
| **[OpenSteer](https://github.com/meshula/OpenSteer)** | 360 | A **C++ library of classic steering behaviors** (seek, flee, flocking, path following, etc.) for autonomous characters. | • Classic “boids”‑style crowd simulation, vehicle AI, or any game that needs **real‑time, deterministic movement** without heavy ML. <br>• Projects where you prefer a compiled‑language solution for performance. | • Very mature (originally from 2000s) and battle‑tested in many commercial titles. <br>• Header‑only, no external dependencies, easy to drop into any C++ engine (Unreal, custom). <br>• Good learning resource for understanding the math behind steering. |
| **[MineStudio](https://github.com/CraftJarvis/MineStudio)** | 351 | A **Minecraft‑specific AI framework** that wraps the game’s server API and provides tools for training agents (RL, imitation, scripted). | • If you are building **Minecraft bots, automated builders, or research agents** that interact with the block world. <br>• Teaching RL concepts in a sandbox environment. | • Handles the tedious part of connecting to a live Minecraft server, managing chunks, inventories, and actions. <br>• Includes example agents and a simple training loop, so you can get a prototype running in minutes. |

---

## How to choose the right tool

| Goal | Recommended repo(s) | Typical workflow |
|------|---------------------|------------------|
| **Natural‑language NPCs / chat‑driven teammates** | `chatarena`, `diplomacy_cicero` | 1️⃣ Define a game‑state → 2️⃣ Prompt an LLM (OpenAI, Anthropic, Llama‑2, etc.) → 3️⃣ Parse the response into an in‑game action.  Both repos give you a ready‑made loop you can replace the underlying model with. |
| **Reinforcement‑learning agents for a custom engine** | `godot_rl_agents` (Godot), `OpenSteer` (C++), `MineStudio` (Minecraft) | 1️⃣ Export game state as a Gym observation → 2️⃣ Train with Stable‑Baselines3 / RLlib → 3️⃣ Deploy the learned policy back into the engine via the bridge. |
| **Strategic turn‑based AI with negotiation** | `diplomacy_cicero` | 1️⃣ Use the provided policy network as a template → 2️⃣ Swap in your own game rules → 3️⃣ Fine‑tune on domain‑specific dialogue data. |
| **Fast, deterministic movement (no ML needed)** | `OpenSteer` | 1️⃣ Add steering behavior objects to your character class → 2️⃣ Combine them (e.g., flock + obstacle avoidance) → 3️⃣ Tune weights for the desired feel. |
| **Sandbox world for research / teaching** | `MineStudio` | 1️⃣ Spin up a local Minecraft server via the provided Dockerfile → 2️⃣ Write an agent that observes block data → 3️⃣ Train with RL or scripted policies. |

---

## Complementary toolkits you might also want to keep in your toolbox

| Toolkit | Language / Engine | Why it often pairs well |
|---------|-------------------|------------------------|
| **Unity ML‑Agents** | C# (Unity) + Python | Official Unity bridge for RL, imitation learning, and behavior cloning. Works with any Unity project, and includes a visual editor for curriculum learning. |
| **RLlib (Ray)** | Python | Scalable RL library that can run thousands of parallel environments (useful if you want to train many agents in `chatarena` or `godot_rl_agents`). |
| **LangChain / LlamaIndex** | Python | Prompt‑engineering framework for chaining LLM calls, useful when you need multi‑step reasoning (e.g., “plan → ask for resources → execute in game”). |
| **OpenAI Gymnasium** | Python | Standard interface that both `chatarena` and `godot_rl_agents` already expose; most RL libraries expect this API. |
| **Docker + Compose** | Any | Containerizing your game server + agent training environment makes experiments reproducible and isolates heavy GPU workloads. |

---

## Quick‑start example (Godot + RL)

```bash
# 1️⃣ Clone the wrapper
git clone https://github.com/edbeeching/godot_rl_agents
cd godot_rl_agents

# 2️⃣ Install Python deps (inside a venv)
python -m venv .venv && source .venv/bin/activate
pip install -r requirements.txt stable-baselines3[extra]

# 3️⃣ Run the example Godot project (requires Godot 4.x)
godot --headless -s addons/godot_rl_agents/example.tscn

# 4️⃣ Train a PPO agent
python train.py --env GodotCartPole-v0 --algo PPO

# 5️⃣ Watch the trained bot
python evaluate.py --checkpoint logs/PPO_.../best_model.zip
```

The same pattern works for `chatarena` (replace the Gym env name with `ChatArena-v0`) or for `MineStudio` (the `MineEnv` class is also Gym‑compatible).

---

### TL;DR

* **For LLM‑driven dialogue/negotiation:** start with **`chatarena`** (general multi‑agent) or **`diplomacy_cicero`** (turn‑based negotiation).  
* **For RL in a game engine you control:** **`godot_rl_agents`** (Godot) or **Unity ML‑Agents** (Unity) give you a ready bridge to stable‑baselines/RLlib.  
* **For classic movement without ML:** **`OpenSteer`** is lightweight and battle‑tested.  
* **For Minecraft‑specific",2026-03-11 22:04:53.685996
